Line Damage,0,74,69,257,Lines 1.jpg,248,331
Line Damage,74,829,1846,569,Lines 2.jpg,1920,1493
Line Damage,18,1066,982,435,Lines 3.jpg,1000,1620
Line Damage,407,502,439,398,Lines 4.jpg,1200,900
Line Damage,213,146,65,156,Lines 5.jpg,456,302
Line Damage,102,7,187,493,Lines 6.jpg,375,500
Line Damage,59,54,222,446,Lines 7.jpg,330,500
Line Damage,69,6,361,403,Lines 8.jpg,615,409
Line Damage,48,51,558,385,Lines 9.jpg,675,440
Line Damage,223,33,586,1267,Lines 10.jpg,1065,1300
Line Damage,3,448,338,192,Lines 11.jpg,430,640
Line Damage,101,247,179,169,Lines 11.jpg,430,640
Line Damage,531,408,89,392,Lines 12.jpg,1200,800
Line Damage,287,62,951,991,Lines 13.jpg,1600,1167
Line Damage,815,22,340,1055,Lines 14.jpg,1600,1137
Line Damage,409,76,1168,977,Lines 15.jpg,1600,1160
Line Damage,385,39,666,921,Lines 16.jpg,1600,1070
Line Damage,243,18,94,289,Lines 17.jpg,608,342
Line Damage,562,29,135,832,Lines 18.jpg,1300,956
Line Damage,736,234,346,621,Lines 18.jpg,1300,956
Line Damage,153,17,140,357,Lines 19.jpg,500,375
Line Damage,133,95,242,288,Lines 20.jpg,620,383
Line Damage,223,246,417,160,Lines 21.jpg,640,406
Line Damage,368,35,482,1114,Lines 22.jpg,864,1390
Line Damage,340,15,517,1118,Lines 24.jpg,177,285
Line Damage,357,35,263,1094,Lines 25.jpg,203,248
Line Damage,642,631,213,533,Lines 25.jpg,203,248
Line Damage,283,249,1123,655,Lines 26.jpg,1600,1060
Line Damage,12,109,370,230,Lines 27.jpg,509,339
Line Damage,170,22,200,435,Lines 28.jpg,649,457
Line Damage,215,158,254,296,Lines 29.jpg,640,454
Line Damage,0,52,177,221,Lines 30.jpg,185,273
Line Damage,9,0,162,272,Lines 31.jpg,183,275
Line Damage,46,53,97,212,Lines 32.jpg,190,265
Line Damage,70,64,184,110,Lines 33.jpg,264,191
Line Damage,8,57,164,207,Lines 34.jpg,181,278
Line Damage,115,20,124,75,Lines 35.jpg,262,192
Line Damage,75,57,56,185,Lines 36.jpg,194,259
Line Damage,79,8,74,170,Lines 37.jpg,268,188
Line Damage,103,63,165,43,Lines 37.jpg,268,188
Line Damage,2,65,254,44,Lines 38.jpg,259,194
Line Damage,56,28,247,111,Lines 39.jpg,303,166
Line Damage,77,71,58,117,Lines 40.jpg,268,188
Line Damage,60,27,199,166,Lines 41.jpg,259,194
Line Damage,93,81,81,195,Lines 42.jpg,182,276
Line Damage,0,69,81,207,Lines 42.jpg,182,276
Line Damage,50,26,181,129,Lines 43.jpg,248,203
Line Damage,4,74,255,47,Lines 44.jpg,262,193
Line Damage,61,57,116,209,Lines 45.jpg,177,285
Line Damage,48,34,179,167,Lines 46.jpg,250,201
Line Damage,62,1,110,265,Lines 47.jpg,188,268
Line Damage,0,53,297,88,Lines 48.jpg,298,169
Line Damage,87,32,101,151,Lines 49.jpg,275,183
Line Damage,11,1,212,172,Lines 50.jpg,264,191
Line Damage,0,2,180,165,Lines 51.jpg,299,168
Line Damage,40,77,66,124,Lines 52.jpg,250,201
Line Damage,137,77,95,123,Lines 52.jpg,250,201
Line Damage,1,118,177,122,Lines 53.jpg,180,240
Line Damage,171,3,78,170,Lines 54.jpg,262,193
Line Damage,99,16,170,150,Lines 55.jpg,271,186
Line Damage,163,45,45,128,Lines 56.jpg,262,192
Line Damage,22,64,123,211,Lines 57.jpg,183,275
Line Damage,1,53,257,35,Lines 58.jpg,263,192
Line Damage,66,11,79,152,Lines 59.jpg,310,163
Line Damage,164,15,92,148,Lines 59.jpg,310,163
Line Damage,93,75,86,100,Lines 60.jpg,284,177
Line Damage,0,102,144,193,Lines 61.jpg,169,298
Line Damage,0,155,173,114,Lines 62.jpg,176,286
Line Damage,91,99,82,174,Lines 63.jpg,184,273
Line Damage,0,118,81,155,Lines 63.jpg,184,273
Line Damage,0,148,62,34,Lines 64.jpg,277,182
Line Damage,159,162,118,20,Lines 64.jpg,277,182
Line Damage,16,92,80,159,Lines 65.jpg,188,268
Line Damage,72,180,33,95,Lines 66.jpg,183,275
Line Damage,4,141,67,134,Lines 66.jpg,183,275
Line Damage,0,77,180,199,Lines 67.jpg,183,276
Line Damage,17,116,163,133,Lines 68.jpg,188,268
Line Damage,43,4,82,176,Lines 69.jpg,281,180
Line Damage,0,125,275,33,Lines 70.jpg,275,183
Line Damage,25,67,192,66,Lines 71.jpg,259,194
Line Damage,43,0,103,167,Lines 72.jpg,300,168
Line Damage,72,77,54,106,Lines 73.jpg,275,183
Line Damage,99,2,173,11,Lines 73.jpg,275,183
Line Damage,212,25,63,46,Lines 73.jpg,275,183
Line Damage,56,56,65,127,Lines 74.jpg,275,183
Line Damage,127,55,111,128,Lines 74.jpg,275,183
Line Damage,0,28,221,148,Lines 75.jpg,262,193
Line Damage,77,48,90,146,Lines 76.jpg,259,194
Line Damage,64,37,195,157,Lines 77.jpg,259,194
Line Damage,140,4,126,130,Lines 78.jpg,266,190
Line Damage,3,22,137,164,Lines 78.jpg,266,190
Line Damage,50,3,106,149,Lines 79.jpg,201,251
Line Damage,1,34,262,54,Lines 80.jpg,265,190
Line Damage,88,86,106,103,Lines 81.jpg,267,189
Line Damage,0,18,275,151,Lines 82.jpg,275,183
Line Damage,113,13,35,184,Lines 83.jpg,256,197
Line Damage,28,62,195,122,Lines 84.jpg,273,184
Line Damage,0,119,236,51,Lines 85.jpg,275,183
Line Damage,149,67,122,23,Lines 85.jpg,275,183
Line Damage,206,41,68,24,Lines 85.jpg,275,183
Line Damage,130,147,26,30,Lines 86.jpg,284,177
Line Damage,2,102,256,52,Lines 87.jpg,262,192
Line Damage,72,0,165,181,Lines 88.jpg,275,183
Line Damage,0,59,224,135,Lines 89.jpg,260,194
Line Damage,74,20,93,219,Lines 90.jpg,177,285
Line Damage,5,82,270,93,Lines 91.jpg,275,183
Line Damage,340,449,197,171,Lines 92.jpg,620,620
Line Damage,170,3,29,142,Lines 93.jpg,340,148
Line Damage,28,53,106,229,Lines 94.jpg,168,300
Line Damage,91,2,90,73,Lines 95.jpg,268,188
Line Damage,96,110,77,66,Lines 95.jpg,268,188
Line Damage,39,28,143,125,Lines 96.jpg,182,276
Line Damage,133,198,46,74,Lines 96.jpg,182,276
Line Damage,0,125,91,43,Lines 97.jpg,294,171
Line Damage,159,125,70,40,Lines 97.jpg,294,171
Line Damage,58,70,108,41,Lines 98.jpg,269,187
Line Damage,160,140,109,47,Lines 98.jpg,269,187
Line Damage,82,65,102,44,Lines 99.jpg,279,181
Line Damage,79,117,49,41,Lines 99.jpg,279,181
Line Damage,187,135,92,46,Lines 99.jpg,279,181
Line Damage,3,45,274,14,Lines 100.jpg,277,182
Line Damage,134,9,54,179,Lines 101.jpg,266,190
Line Damage,82,13,45,177,Lines 101.jpg,266,190
Line Damage,61,60,141,33,Lines 102.jpg,240,195
Line Damage,189,292,39,42,Lines 103.jpg,500,334
Line Damage,82,166,32,109,Lines 104.jpg,183,275
Line Damage,117,103,52,80,Lines 105.jpg,275,183
Line Damage,99,128,28,43,Lines 106.jpg,266,189
Line Damage,10,366,73,59,Lines 107.jpg,640,467
Line Damage,282,343,351,80,Lines 107.jpg,640,467
Line Damage,93,161,25,24,Lines 108.jpg,237,213
Line Damage,12,221,568,29,Lines 109.jpg,626,313
Line Damage,455,1076,112,174,Lines 110.jpg,1000,1250
Line Damage,120,147,31,36,Lines 111.jpg,275,183
Line Damage,13,86,212,67,Lines 112.jpg,329,153
Line Damage,93,129,86,130,Lines 113.jpg,194,259
Line Damage,90,147,53,49,Lines 114.jpg,390,196
Line Damage,2,24,268,56,Lines 115.jpg,275,183
Line Damage,5,109,256,59,Lines 115.jpg,275,183
Line Damage,216,58,26,133,Lines 116.jpg,259,194
Line Damage,631,559,299,521,Lines 117.jpg,1571,1080
Line Damage,188,674,232,406,Lines 117.jpg,1571,1080
Line Damage,108,15,59,38,Lines 118.jpg,222,227
Line Damage,75,99,87,32,Lines 118.jpg,222,227
Line Damage,326,458,31,37,Lines 119.jpg,744,495
Line Damage,341,339,47,64,Lines 119.jpg,744,495
Line Damage,14,98,47,96,Lines 120.jpg,260,194
Line Damage,112,68,163,115,Lines 121.jpg,275,183
Line Damage,141,106,60,37,Lines 122.jpg,271,186
Line Damage,101,111,45,62,Lines 122.jpg,271,186
Line Damage,220,183,426,297,Lines 123.jpg,852,480
Line Damage,2,211,190,34,Lines 124.jpg,194,259
Line Damage,5,77,183,22,Lines 124.jpg,194,259
Line Damage,92,181,23,42,Lines 125.jpg,225,225
Line Damage,162,197,35,27,Lines 125.jpg,225,225
Line Damage,119,135,26,20,Lines 125.jpg,225,225
Line Damage,19,119,104,38,Lines 126.jpg,259,194
Line Damage,126,14,129,37,Lines 127.jpg,259,195
Line Damage,186,56,73,29,Lines 127.jpg,259,195
Line Damage,3,38,105,28,Lines 127.jpg,259,195
Line Damage,6,165,136,30,Lines 127.jpg,259,195
Line Damage,82,84,9,18,Lines 128.jpg,225,225
Line Damage,84,124,13,79,Lines 128.jpg,225,225
Line Damage,64,79,132,104,Lines 129.jpg,275,183
Line Damage,137,36,72,129,Lines 130.jpg,220,165
Line Damage,0,11,82,75,Lines 130.jpg,220,165
Line Damage,63,0,56,88,Lines 131.jpg,206,245
Line Damage,167,31,81,64,Lines 132.jpg,299,168
Line Damage,20,50,87,53,Lines 132.jpg,299,168
Line Damage,153,98,117,36,Lines 132.jpg,299,168
Line Damage,114,67,45,13,Lines 133.jpg,259,194
Line Damage,194,55,38,16,Lines 133.jpg,259,194
Line Damage,149,132,67,24,Lines 133.jpg,259,194
Line Damage,0,124,62,23,Lines 133.jpg,259,194
Line Damage,40,150,81,19,Lines 133.jpg,259,194
Line Damage,117,81,77,178,Lines 134.jpg,194,259
Line Damage,0,87,85,172,Lines 134.jpg,194,259
Line Damage,114,60,116,28,Lines 135.jpg,259,194
Line Damage,70,104,111,90,Lines 135.jpg,259,194
Line Damage,171,76,97,112,Lines 136.jpg,268,188
Line Damage,10,81,157,107,Lines 136.jpg,268,188
Line Damage,3,86,322,61,Lines 137.jpg,325,155
Line Damage,4,6,319,54,Lines 137.jpg,325,155
Line Damage,223,8,82,104,Lines 138.jpg,450,112
Line Damage,313,55,48,53,Lines 138.jpg,450,112
Line Damage,162,2,51,78,Lines 138.jpg,450,112
Line Damage,80,86,98,117,Lines 139.jpg,203,203
Line Damage,61,120,68,60,Lines 140.jpg,279,180
Line Damage,162,140,116,40,Lines 140.jpg,279,180
Line Damage,9,209,177,36,Lines 141.jpg,194,259
Line Damage,3,78,187,20,Lines 141.jpg,194,259
Line Damage,76,118,129,80,Lines 142.jpg,254,198
Line Damage,85,120,36,39,Lines 143.jpg,318,159
Line Damage,122,138,23,21,Lines 143.jpg,318,159
Line Damage,132,15,127,36,Lines 144.jpg,259,195
Line Damage,193,57,66,34,Lines 144.jpg,259,195
Line Damage,7,29,113,35,Lines 144.jpg,259,195
Line Damage,153,56,104,127,Lines 145.jpg,276,183
Line Damage,93,34,50,134,Lines 146.jpg,248,203
Line Damage,39,25,252,86,Lines 147.jpg,368,137
Line Damage,302,76,66,51,Lines 147.jpg,368,137
Line Damage,155,135,40,95,Lines 148.jpg,219,230
Line Damage,160,54,59,77,Lines 148.jpg,219,230
Line Damage,69,108,55,50,Lines 149.jpg,237,158
Line Damage,116,34,80,37,Lines 149.jpg,237,158
Line Damage,124,90,63,69,Lines 150.jpg,258,195
Line Damage,77,54,30,72,Lines 151.jpg,300,168
Line Damage,149,57,148,111,Lines 151.jpg,300,168
Line Damage,18,84,207,99,Lines 152.jpg,275,183
Line Damage,57,122,49,123,Lines 153.jpg,193,261
Line Damage,50,37,20,43,Lines 153.jpg,193,261
Line Damage,55,122,40,138,Lines 154.jpg,194,260
Line Damage,88,118,70,39,Lines 155.jpg,294,171
Line Damage,113,68,56,16,Lines 155.jpg,294,171
Line Damage,233,151,61,20,Lines 155.jpg,294,171
Line Damage,85,312,171,168,Lines 156.jpg,640,480
Line Damage,400,322,208,158,Lines 156.jpg,640,480
Line Damage,119,156,51,18,Lines 157.jpg,257,196
Line Damage,0,76,237,101,Lines 158.jpg,275,183
Line Damage,111,37,37,111,Lines 159.jpg,275,183
Line Damage,75,75,69,93,Lines 160.jpg,300,168
Line Damage,150,86,56,82,Lines 160.jpg,300,168
Line Damage,41,101,106,72,Lines 161.jpg,291,173
Line Damage,106,91,71,93,Lines 162.jpg,274,184
Line Damage,149,120,46,75,Lines 163.jpg,259,195
Line Damage,155,44,65,139,Lines 164.jpg,275,183
Line Damage,15,85,135,98,Lines 164.jpg,275,183
Line Damage,31,145,116,49,Lines 165.jpg,259,194
Line Damage,16,111,59,32,Lines 165.jpg,259,194
Line Damage,148,95,148,76,Lines 166.jpg,295,171
Line Damage,52,14,32,144,Lines 167.jpg,262,192
Line Damage,111,102,151,56,Lines 167.jpg,262,192
Line Damage,159,55,116,35,Lines 168.jpg,275,183
Line Damage,0,94,122,80,Lines 168.jpg,275,183
Line Damage,6,44,258,88,Lines 169.jpg,275,183
Line Damage,138,146,45,50,Lines 170.jpg,258,196
Line Damage,56,169,28,27,Lines 170.jpg,258,196
Line Damage,3,114,246,65,Lines 171.jpg,259,194
Line Damage,4,41,236,49,Lines 171.jpg,259,194
Line Damage,12,5,239,31,Lines 171.jpg,259,194
Line Damage,140,122,55,72,Lines 172.jpg,259,194
Line Damage,8,66,255,25,Lines 173.jpg,275,183
Line Damage,178,19,79,164,Lines 174.jpg,275,183
Line Damage,55,30,69,164,Lines 175.jpg,259,194
Line Damage,132,71,89,123,Lines 175.jpg,259,194
Line Damage,127,88,132,106,Lines 176.jpg,259,194
Line Damage,0,67,121,127,Lines 176.jpg,259,194
Line Damage,32,69,101,68,Lines 177.jpg,300,168
Line Damage,197,67,90,77,Lines 177.jpg,300,168
Line Damage,77,116,60,106,Lines 178.jpg,194,259
Line Damage,77,65,39,46,Lines 178.jpg,194,259
Line Damage,437,119,330,521,Lines 179.jpg,800,640
Line Damage,62,100,300,540,Lines 179.jpg,800,640
Line Damage,156,87,648,293,Lines 180.jpg,804,442
Line Damage,472,298,553,702,Lines 181.jpg,1600,1000
Line Damage,120,82,684,307,Lines 182.jpg,804,442
Line Damage,94,106,808,1494,Lines 183.jpg,1066,1600
Line Damage,255,14,76,242,Lines 184.jpg,512,256
Line Damage,86,328,461,1257,Lines 185.jpg,1105,1689
Line Damage,582,749,437,751,Lines 185.jpg,1105,1689
Line Damage,124,150,403,748,Lines 186.jpg,666,900