Pothole,746,368,261,102,Pothole 1.jpg,1280,720
Pothole,1159,365,113,70,Pothole 1.jpg,1280,720
Pothole,510,546,597,174,Pothole 1.jpg,1280,720
Pothole,99,528,523,167,Pothole 2.jpg,1200,900
Pothole,199,792,258,433,Pothole 3.jpg,974,1390
Pothole,153,494,261,276,Pothole 3.jpg,974,1390
Pothole,637,288,233,141,Pothole 3.jpg,974,1390
Pothole,235,338,236,141,Pothole 3.jpg,974,1390
Pothole,591,439,249,213,Pothole 4.jpg,1300,957
Pothole,248,1120,736,350,Pothole 7.jpg,2400,1600
Pothole,807,1074,896,248,Pothole 7.jpg,2400,1600
Pothole,1766,1004,545,166,Pothole 7.jpg,2400,1600
Pothole,751,482,87,70,Pothole 8.jpg,1224,720
Pothole,825,383,76,76,Pothole 8.jpg,1224,720
Pothole,959,471,45,52,Pothole 8.jpg,1224,720
Pothole,424,415,90,87,Pothole 8.jpg,1224,720
Pothole,477,343,81,61,Pothole 8.jpg,1224,720
Pothole,803,280,54,40,Pothole 8.jpg,1224,720
Pothole,888,292,49,42,Pothole 8.jpg,1224,720
Pothole,989,388,226,107,Pothole 8.jpg,1224,720
Pothole,374,408,45,63,Pothole 8.jpg,1224,720
Pothole,785,164,150,60,Pothole 8.jpg,1224,720
Pothole,883,846,622,177,Pothole 9.jpg,2222,1667
Pothole,250,1130,1873,475,Pothole 9.jpg,2222,1667
Pothole,44,384,1414,784,Pothole 10.jpg,2987,1680
Pothole,425,816,637,448,Pothole 11.jpg,1400,1400
Pothole,385,364,1380,560,Pothole 12.jpg,2121,1414
Pothole,1432,711,200,156,Pothole 14.jpg,1632,1077
Pothole,426,561,703,426,Pothole 14.jpg,1632,1077
Pothole,1348,511,231,94,Pothole 14.jpg,1632,1077
Pothole,341,745,221,80,Pothole 15.jpg,1500,837
Pothole,419,471,522,216,Pothole 16.jpg,1200,731
Pothole,1196,928,273,105,Pothole 17.jpg,1830,1055
Pothole,191,440,1050,482,Pothole 18.jpg,1500,1125
Pothole,838,742,356,83,Pothole 19.jpg,1600,863
Pothole,684,525,283,76,Pothole 19.jpg,1600,863
Pothole,644,563,807,481,Pothole 20.jpg,2048,1536
Pothole,251,41,658,414,Pothole 20.jpg,2048,1536
Pothole,948,538,419,238,Pothole 21.jpg,1632,1224
Pothole,44,634,1192,373,Pothole 23.jpg,1560,1040
Pothole,589,397,483,168,Pothole 23.jpg,1560,1040
Pothole,1047,358,308,122,Pothole 23.jpg,1560,1040
Pothole,1011,511,152,111,Pothole 24.jpg,1632,1083
Pothole,1295,810,243,171,Pothole 24.jpg,1632,1083
Pothole,1309,543,183,87,Pothole 24.jpg,1632,1083
Pothole,808,883,508,205,Pothole 25.jpg,2000,1404
Pothole,547,1110,369,226,Pothole 25.jpg,2000,1404
Pothole,340,756,391,217,Pothole 25.jpg,2000,1404
Pothole,517,685,108,56,Pothole 25.jpg,2000,1404
Pothole,433,533,477,130,Pothole 25.jpg,2000,1404
Pothole,1418,654,183,136,Pothole 25.jpg,2000,1404
Pothole,1824,648,176,174,Pothole 25.jpg,2000,1404
Pothole,1422,468,180,77,Pothole 25.jpg,2000,1404
Pothole,67,604,198,121,Pothole 25.jpg,2000,1404
Pothole,777,741,152,139,Pothole 25.jpg,2000,1404
Pothole,381,536,837,411,Pothole 26.jpg,1280,960
Pothole,494,269,725,149,Pothole 27.jpg,1400,932
Pothole,8,585,675,246,Pothole 27.jpg,1400,932
Pothole,198,53,3975,3044,Pothole 28.jpg,4608,3456
Pothole,529,610,155,67,Pothole 29.jpg,1140,798
Pothole,63,699,166,83,Pothole 29.jpg,1140,798
Pothole,748,326,115,63,Pothole 30.jpg,1140,798
Pothole,230,412,129,109,Pothole 30.jpg,1140,798
Pothole,49,447,109,88,Pothole 30.jpg,1140,798
Pothole,501,393,203,120,Pothole 30.jpg,1140,798
Pothole,300,622,155,107,Pothole 30.jpg,1140,798
Pothole,133,632,100,92,Pothole 30.jpg,1140,798
Pothole,344,893,662,575,Pothole 31.jpg,1200,1587
Pothole,390,413,406,382,Pothole 31.jpg,1200,1587
Pothole,755,791,918,249,Pothole 32.jpg,2560,1707
Pothole,657,553,370,155,Pothole 32.jpg,2560,1707
Pothole,343,524,226,184,Pothole 33.jpg,1500,1125
Pothole,414,394,251,242,Pothole 34.jpg,1200,800
Pothole,615,774,248,146,Pothole 35.jpg,1501,1001
Pothole,1023,544,190,102,Pothole 35.jpg,1501,1001
Pothole,833,258,321,92,Pothole 39.jpg,1600,900
Pothole,496,357,1104,293,Pothole 39.jpg,1600,900
Pothole,687,668,566,232,Pothole 39.jpg,1600,900
Pothole,17,126,522,172,Pothole 39.jpg,1600,900
Pothole,489,263,717,163,Pothole 41.jpg,1400,932
Pothole,19,572,667,231,Pothole 41.jpg,1400,932
Pothole,281,1518,1462,524,Pothole 42.jpg,1875,2500
Pothole,45,218,370,83,Pothole 43.jpg,1100,733
Pothole,63,312,972,297,Pothole 43.jpg,1100,733
Pothole,200,642,1667,742,Pothole 44.jpg,2000,1563
Pothole,425,355,189,143,Pothole 45.jpg,1200,740
Pothole,996,222,182,76,Pothole 45.jpg,1200,740
Pothole,370,157,170,78,Pothole 45.jpg,1200,740
Pothole,572,620,628,180,Pothole 46.jpg,1200,800
Pothole,22,600,352,250,Pothole 47.jpg,1200,900
Pothole,260,320,608,262,Pothole 47.jpg,1200,900
Pothole,916,411,258,117,Pothole 47.jpg,1200,900
Pothole,385,103,165,95,Pothole 47.jpg,1200,900
Pothole,246,62,123,85,Pothole 47.jpg,1200,900
Pothole,576,30,544,191,Pothole 47.jpg,1200,900
Pothole,485,448,159,51,Pothole 48.jpg,1200,799
Pothole,388,607,258,115,Pothole 48.jpg,1200,799
Pothole,152,638,212,120,Pothole 48.jpg,1200,799
Pothole,182,550,190,132,Pothole 49.jpg,1140,798
Pothole,535,662,183,92,Pothole 49.jpg,1140,798
Pothole,746,564,99,88,Pothole 49.jpg,1140,798
Pothole,862,525,204,86,Pothole 49.jpg,1140,798
Pothole,649,370,143,76,Pothole 49.jpg,1140,798
Pothole,409,791,1265,690,Pothole 50.jpg,2500,1666
Pothole,671,448,450,218,Pothole 50.jpg,2500,1666
Pothole,565,516,567,346,Pothole 51.jpg,1632,1224
Pothole,437,327,411,274,Pothole 52.jpg,1200,800
Pothole,444,373,812,283,Pothole 53.jpg,1600,900
Pothole,662,404,88,53,Pothole 54.jpg,1200,800
Pothole,508,348,150,83,Pothole 54.jpg,1200,800
Pothole,14,1784,347,319,Pothole 55.jpg,4608,3072
Pothole,394,1227,394,258,Pothole 55.jpg,4608,3072
Pothole,130,912,1059,647,Pothole 57.jpg,1465,1797
Pothole,796,583,669,278,Pothole 57.jpg,1465,1797
Pothole,552,331,158,65,Pothole 58.jpg,1200,798
Pothole,920,352,181,87,Pothole 58.jpg,1200,798
Pothole,375,584,1250,873,Pothole 59.jpg,1876,1875
Pothole,392,248,204,88,Pothole 60.jpg,1148,1246
Pothole,332,360,382,187,Pothole 60.jpg,1148,1246
Pothole,772,399,213,198,Pothole 61.jpg,1400,734
Pothole,991,428,95,91,Pothole 61.jpg,1400,734
Pothole,527,296,118,72,Pothole 61.jpg,1400,734
Pothole,586,440,126,136,Pothole 61.jpg,1400,734
Pothole,246,159,1031,544,Pothole 63.jpg,1920,1080
Pothole,704,174,624,210,Pothole 64.jpg,1500,1000
Pothole,1029,650,719,214,Pothole 65.jpg,2500,1406
Pothole,1366,1305,515,251,Pothole 67.jpg,2987,1680
Pothole,279,153,782,470,Pothole 68.jpg,1280,720
Pothole,854,258,211,123,Pothole 69.jpg,1200,900
Pothole,211,346,185,89,Pothole 69.jpg,1200,900
Pothole,689,473,375,183,Pothole 69.jpg,1200,900
Pothole,578,288,260,129,Pothole 69.jpg,1200,900
Pothole,636,177,165,75,Pothole 69.jpg,1200,900
Pothole,292,415,414,288,Pothole 70.jpg,1200,800
Pothole,272,673,1556,735,Pothole 71.jpg,2000,1563
Pothole,379,377,1351,569,Pothole 72.jpg,2121,1414
Pothole,257,317,745,259,Pothole 73.jpg,1440,810
Pothole,232,311,720,230,Pothole 74.jpg,1200,800
Pothole,441,465,429,223,Pothole 75.jpg,2400,1800
Pothole,171,576,254,215,Pothole 75.jpg,2400,1800
Pothole,830,858,1570,497,Pothole 75.jpg,2400,1800
Pothole,290,505,1147,295,Pothole 76.jpg,1600,800
Pothole,387,255,411,111,Pothole 76.jpg,1600,800
Pothole,488,373,642,130,Pothole 76.jpg,1600,800
Pothole,136,306,1535,292,Pothole 77.jpg,1920,1080
Pothole,465,256,743,153,Pothole 78.jpg,1400,932
Pothole,8,562,677,252,Pothole 78.jpg,1400,932
Pothole,1248,258,678,383,Pothole 79.jpg,2048,1536
Pothole,350,365,761,260,Pothole 80.jpg,1798,1200
Pothole,111,173,312,143,Pothole 81.jpg,1280,853
Pothole,404,342,587,279,Pothole 81.jpg,1280,853
Pothole,117,80,1048,608,Pothole 82.jpg,1280,720
Pothole,330,1578,1352,491,Pothole 83.jpg,1875,2500
Pothole,308,58,640,749,Pothole 84.jpg,1400,1050
Pothole,354,319,805,342,Pothole 85.jpg,1600,900
Pothole,48,1791,326,353,Pothole 87.jpg,4608,3072
Pothole,367,1261,476,190,Pothole 87.jpg,4608,3072
Pothole,1454,1234,469,217,Pothole 87.jpg,4608,3072
Pothole,638,648,1227,746,Pothole 88.jpg,3264,2448
Pothole,21,217,651,227,Pothole 89.jpg,1200,677
Pothole,58,529,324,239,Pothole 90.jpg,1200,801
Pothole,363,262,312,250,Pothole 90.jpg,1200,801
Pothole,696,267,149,113,Pothole 90.jpg,1200,801
Pothole,885,350,216,135,Pothole 90.jpg,1200,801
Pothole,404,95,163,96,Pothole 90.jpg,1200,801
Pothole,914,274,1335,1216,Pothole 91.jpg,2400,1800
Pothole,1676,1429,1308,514,Pothole 92.jpg,4032,3024
Pothole,3218,1248,501,347,Pothole 92.jpg,4032,3024
Pothole,3278,1756,754,754,Pothole 92.jpg,4032,3024
Pothole,119,755,2090,489,Pothole 93.jpg,2400,1800
Pothole,67,306,847,362,Pothole 94.jpg,1000,820
Pothole,45,556,1441,522,Pothole 95.jpg,1600,1200
Pothole,353,352,480,143,Pothole 96.jpg,1830,1318
Pothole,309,608,464,189,Pothole 98.jpg,1108,800
Pothole,983,2020,3056,955,Pothole 99.jpg,4797,3000
Pothole,614,318,227,160,Pothole 100.jpg,1280,720
Pothole,490,477,1116,437,Pothole 101.jpg,1620,1080
Pothole,455,168,294,156,Pothole 102.jpg,1200,675
Pothole,389,358,451,317,Pothole 102.jpg,1200,675
Pothole,104,517,188,158,Pothole 102.jpg,1200,675
Pothole,859,438,113,74,Pothole 103.jpg,1280,720
Pothole,349,595,210,125,Pothole 103.jpg,1280,720
Pothole,808,315,301,250,Pothole 104.jpg,1500,1000
Pothole,241,210,231,163,Pothole 105.jpg,1024,768
Pothole,688,190,197,98,Pothole 105.jpg,1024,768
Pothole,383,388,368,202,Pothole 105.jpg,1024,768
Pothole,632,675,253,93,Pothole 105.jpg,1024,768
Pothole,167,154,985,341,Pothole 106.jpg,1272,636
Pothole,59,708,1283,486,Pothole 107.jpg,1632,1224
Pothole,597,467,875,230,Pothole 107.jpg,1632,1224
Pothole,163,300,721,259,Pothole 108.jpg,1024,768
Pothole,1177,997,1296,482,Pothole 109.jpg,3000,1680
Pothole,564,247,971,295,Pothole 110.jpg,1920,1080
Pothole,401,258,1113,815,Pothole 111.jpg,2000,1500
Pothole,497,885,1500,822,Pothole 112.jpg,2720,1815
Pothole,564,505,365,187,Pothole 113.jpg,1242,810
Pothole,232,207,595,414,Pothole 114.jpg,1024,768
Pothole,749,570,702,492,Pothole 115.jpg,2048,1536
Pothole,241,44,675,427,Pothole 115.jpg,2048,1536
Pothole,538,1085,363,273,Pothole 116.jpg,2000,1404
Pothole,783,883,521,205,Pothole 116.jpg,2000,1404
Pothole,306,775,443,208,Pothole 116.jpg,2000,1404
Pothole,64,604,552,155,Pothole 116.jpg,2000,1404
Pothole,1248,449,468,307,Pothole 116.jpg,2000,1404
Pothole,1828,660,172,192,Pothole 116.jpg,2000,1404
Pothole,684,558,208,189,Pothole 116.jpg,2000,1404
Pothole,411,527,124,74,Pothole 116.jpg,2000,1404
Pothole,56,590,1224,713,Pothole 118.jpg,1367,1545
Pothole,92,432,364,180,Pothole 119.jpg,1272,636
Pothole,124,248,223,122,Pothole 119.jpg,1272,636
Pothole,319,206,221,64,Pothole 119.jpg,1272,636
Pothole,313,116,693,723,Pothole 121.jpg,1400,1050
Pothole,1386,506,171,118,Pothole 122.jpg,1632,1077
Pothole,1432,718,200,161,Pothole 122.jpg,1632,1077
Pothole,549,537,583,510,Pothole 122.jpg,1632,1077
Pothole,838,331,252,217,Pothole 123.jpg,1500,1000
Pothole,967,583,290,248,Pothole 123.jpg,1500,1000
Pothole,58,448,570,481,Pothole 124.jpg,768,1024
Pothole,178,41,378,224,Pothole 124.jpg,768,1024
Pothole,1116,609,448,151,Pothole 125.jpg,1600,800
Pothole,474,347,387,149,Pothole 125.jpg,1600,800
Pothole,1286,175,271,92,Pothole 125.jpg,1600,800
Pothole,590,640,191,94,Pothole 125.jpg,1600,800
Pothole,303,621,1553,828,Pothole 126.jpg,2000,1563
Pothole,864,832,681,206,Pothole 127.jpg,2222,1667
Pothole,224,1063,1998,534,Pothole 127.jpg,2222,1667
Pothole,389,124,560,578,Pothole 128.jpg,1200,805
Pothole,680,582,609,255,Pothole 129.jpg,1600,1067
Pothole,540,386,557,186,Pothole 129.jpg,1600,1067
Pothole,30,538,354,228,Pothole 130.jpg,1200,801
Pothole,349,313,329,228,Pothole 130.jpg,1200,801
Pothole,671,269,188,117,Pothole 130.jpg,1200,801
Pothole,627,318,196,155,Pothole 132.jpg,1280,720
Pothole,33,512,3167,1168,Pothole 133.jpg,3200,1680
Pothole,382,449,515,278,Pothole 134.jpg,1200,800
Pothole,1374,518,188,113,Pothole 135.jpg,1632,1077
Pothole,404,557,823,455,Pothole 135.jpg,1632,1077
Pothole,875,1083,915,517,Pothole 136.jpg,2996,1693
Pothole,408,1247,442,272,Pothole 137.jpg,4608,3072
Pothole,20,1791,319,347,Pothole 137.jpg,4608,3072
Pothole,275,125,1062,623,Pothole 138.jpg,1920,1080
Pothole,193,550,185,143,Pothole 139.jpg,1140,798
Pothole,542,652,187,100,Pothole 139.jpg,1140,798
Pothole,843,528,234,85,Pothole 139.jpg,1140,798
Pothole,778,401,198,186,Pothole 140.jpg,1400,734
Pothole,541,288,101,78,Pothole 140.jpg,1400,734
Pothole,979,440,107,76,Pothole 140.jpg,1400,734
Pothole,159,159,991,326,Pothole 141.jpg,1272,636
Pothole,94,290,1312,510,Pothole 144.jpg,1600,800
Pothole,919,240,138,73,Pothole 145.jpg,1200,677
Pothole,352,368,444,127,Pothole 145.jpg,1200,677
Pothole,391,380,1295,604,Pothole 147.jpg,2121,1414
Pothole,320,384,1070,703,Pothole 148.jpg,1600,1087
Pothole,346,391,509,366,Pothole 149.jpg,1200,900
Pothole,425,258,1155,822,Pothole 150.jpg,1920,1080
Pothole,163,232,566,442,Pothole 151.jpg,1199,674
Pothole,651,0,451,214,Pothole 151.jpg,1199,674
Pothole,573,337,142,101,Pothole 152.jpg,1200,675
Pothole,140,335,154,74,Pothole 152.jpg,1200,675
Pothole,301,275,135,55,Pothole 152.jpg,1200,675
Pothole,345,340,403,135,Pothole 153.jpg,1140,797
Pothole,427,53,632,243,Pothole 154.jpg,1600,840
Pothole,310,561,324,177,Pothole 155.jpg,1200,802
Pothole,501,430,181,120,Pothole 155.jpg,1200,802
Pothole,1299,190,648,451,Pothole 156.jpg,2048,1536
Pothole,890,266,1371,1212,Pothole 157.jpg,2400,1800
Pothole,588,494,321,211,Pothole 158.jpg,1242,810
Pothole,535,1660,779,416,Pothole 159.jpg,4032,2268
Pothole,880,1381,583,250,Pothole 159.jpg,4032,2268
Pothole,241,339,743,200,Pothole 160.jpg,1200,800
Pothole,113,1041,3087,639,Pothole 161.jpg,3200,1680
Pothole,219,468,721,251,Pothole 162.jpg,1280,719
Pothole,207,428,1691,382,Pothole 163.jpg,1920,1080
Pothole,1082,1479,470,449,Pothole 164.jpg,2592,1936
Pothole,1753,1265,406,299,Pothole 164.jpg,2592,1936
Pothole,723,893,325,227,Pothole 164.jpg,2592,1936
Pothole,1172,846,312,282,Pothole 164.jpg,2592,1936
Pothole,1903,949,517,192,Pothole 164.jpg,2592,1936
Pothole,642,385,235,81,Pothole 164.jpg,2592,1936
Pothole,1629,530,346,214,Pothole 164.jpg,2592,1936
Pothole,984,513,295,248,Pothole 164.jpg,2592,1936
Pothole,2014,752,286,154,Pothole 164.jpg,2592,1936
Pothole,852,261,650,179,Pothole 164.jpg,2592,1936
Pothole,344,165,693,529,Pothole 165.jpg,1280,720
Pothole,58,592,1217,428,Pothole 166.jpg,1560,1040
Pothole,626,349,775,196,Pothole 166.jpg,1560,1040
Pothole,879,387,203,90,Pothole 167.jpg,1296,968
Pothole,666,3033,1402,1202,Pothole 168.jpg,3240,4320
Pothole,395,250,184,80,Pothole 169.jpg,1148,1246
Pothole,329,358,363,173,Pothole 169.jpg,1148,1246
Pothole,139,596,290,167,Pothole 171.jpg,2400,1800
Pothole,461,505,397,175,Pothole 171.jpg,2400,1800
Pothole,1061,870,1339,413,Pothole 171.jpg,2400,1800
Pothole,503,277,460,252,Pothole 172.jpg,1300,922
Pothole,109,447,332,167,Pothole 173.jpg,1272,636
Pothole,113,263,250,103,Pothole 173.jpg,1272,636
Pothole,326,203,189,71,Pothole 173.jpg,1272,636
Pothole,555,368,445,227,Pothole 173.jpg,1272,636
Pothole,806,1230,608,450,Pothole 174.jpg,2986,1680
Pothole,464,332,377,276,Pothole 177.jpg,1200,800
Pothole,151,537,373,349,Pothole 178.jpg,1600,1000
Pothole,205,244,269,212,Pothole 178.jpg,1600,1000
Pothole,611,178,342,172,Pothole 178.jpg,1600,1000
Pothole,713,622,812,378,Pothole 178.jpg,1600,1000
Pothole,83,105,297,106,Pothole 178.jpg,1600,1000
Pothole,585,1057,291,294,Pothole 179.jpg,2000,1404
Pothole,315,793,415,208,Pothole 179.jpg,2000,1404
Pothole,805,871,480,239,Pothole 179.jpg,2000,1404
Pothole,45,607,223,127,Pothole 179.jpg,2000,1404
Pothole,306,679,133,77,Pothole 179.jpg,2000,1404
Pothole,507,694,118,62,Pothole 179.jpg,2000,1404
Pothole,411,530,527,139,Pothole 179.jpg,2000,1404
Pothole,1288,514,443,248,Pothole 179.jpg,2000,1404
Pothole,1135,182,566,405,Pothole 180.jpg,1800,1350
Pothole,1088,675,1009,511,Pothole 182.jpg,2987,1680
Pothole,214,603,1508,638,Pothole 184.jpg,2500,1607
Pothole,628,248,623,288,Pothole 185.jpg,1600,1069
Pothole,570,624,630,176,Pothole 186.jpg,1200,800
Pothole,492,455,453,354,Pothole 187.jpg,1300,955
Pothole,1184,834,682,339,Pothole 188.jpg,2525,1590
Pothole,672,566,528,334,Pothole 190.jpg,1200,900
Pothole,369,851,694,701,Pothole 191.jpg,1200,1587
Pothole,271,424,564,319,Pothole 191.jpg,1200,1587
Pothole,248,320,727,252,Pothole 192.jpg,1400,790
Pothole,494,53,573,600,Pothole 193.jpg,1200,674
Pothole,468,1628,1198,430,Pothole 194.jpg,1875,2500
Pothole,281,41,593,441,Pothole 195.jpg,2048,1536
Pothole,715,515,743,532,Pothole 195.jpg,2048,1536
Pothole,798,236,345,118,Pothole 196.jpg,1600,900
Pothole,533,362,1067,312,Pothole 196.jpg,1600,900
Pothole,14,137,477,179,Pothole 196.jpg,1600,900
Pothole,654,682,599,218,Pothole 196.jpg,1600,900
Pothole,1018,531,156,77,Pothole 197.jpg,1632,1083
Pothole,1360,827,168,185,Pothole 197.jpg,1632,1083
Pothole,1321,535,164,106,Pothole 197.jpg,1632,1083
Pothole,172,265,776,463,Pothole 199.jpg,1600,900
Pothole,599,537,415,140,Pothole 200.jpg,1829,1216
Pothole,1416,383,283,116,Pothole 200.jpg,1829,1216
Pothole,1076,620,620,488,Pothole 200.jpg,1829,1216
Pothole,466,317,547,295,Pothole 202.jpg,1100,733
Pothole,49,202,350,104,Pothole 202.jpg,1100,733
Pothole,21,521,552,299,Pothole 203.jpg,1200,820
Pothole,1353,1274,529,291,Pothole 204.jpg,2987,1680
Pothole,221,484,929,427,Pothole 205.jpg,1500,1125
Pothole,280,463,529,237,Pothole 206.jpg,1200,800
Pothole,82,1657,1614,775,Pothole 207.jpg,3951,2563
Pothole,36,820,1313,768,Pothole 208.jpg,1349,1830
Pothole,460,574,392,162,Pothole 208.jpg,1349,1830
Pothole,570,592,1002,836,Pothole 209.jpg,1876,1875
Pothole,595,492,295,198,Pothole 210.jpg,1242,810
Pothole,267,331,648,285,Pothole 211.jpg,1200,801
Pothole,266,451,528,261,Pothole 212.jpg,1140,712
Pothole,995,360,794,517,Pothole 214.jpg,2016,1512
Pothole,741,425,721,1319,Pothole 215.jpg,2448,3264
Pothole,283,590,566,189,Pothole 217.jpg,1024,919
Pothole,269,568,430,307,Pothole 218.jpg,894,1390
Pothole,488,387,458,238,Pothole 219.jpg,1600,900
Pothole,1394,501,156,111,Pothole 220.jpg,1632,1077
Pothole,1444,701,188,161,Pothole 220.jpg,1632,1077
Pothole,498,602,640,378,Pothole 220.jpg,1632,1077
Pothole,320,538,285,214,Pothole 221.jpg,1200,802
Pothole,524,421,276,158,Pothole 221.jpg,1200,802
Pothole,136,634,246,126,Pothole 222.jpg,1200,799
Pothole,404,625,221,113,Pothole 222.jpg,1200,799
Pothole,492,452,147,48,Pothole 222.jpg,1200,799
Pothole,88,418,127,64,Pothole 222.jpg,1200,799
Pothole,795,428,405,244,Pothole 223.jpg,1200,720
Pothole,358,218,227,67,Pothole 223.jpg,1200,720
Pothole,612,295,299,124,Pothole 223.jpg,1200,720
Pothole,888,1198,384,145,Pothole 224.jpg,2048,1366
Pothole,344,487,590,389,Pothole 225.jpg,1200,900
Pothole,197,727,141,133,Pothole 225.jpg,1200,900
Pothole,87,308,487,177,Pothole 225.jpg,1200,900
Pothole,2065,2172,1115,695,Pothole 226.jpg,4868,3280
Pothole,4107,2237,717,384,Pothole 226.jpg,4868,3280
Pothole,0,66,1140,654,Pothole 227.jpg,1280,720
Pothole,572,381,425,362,Pothole 228.jpg,1200,900
Pothole,145,481,324,143,Pothole 228.jpg,1200,900
Pothole,342,642,179,95,Pothole 228.jpg,1200,900
Pothole,510,649,153,106,Pothole 229.jpg,1600,900
Pothole,86,877,673,327,Pothole 230.jpg,2000,1333
Pothole,382,894,447,285,Pothole 231.jpg,1280,1500
Pothole,37,295,441,106,Pothole 232.jpg,1200,659
Pothole,704,300,441,166,Pothole 232.jpg,1200,659
Pothole,1495,1842,708,320,Pothole 233.jpg,4032,3024
Pothole,1802,1228,1128,494,Pothole 233.jpg,4032,3024
Pothole,608,316,217,166,Pothole 234.jpg,1280,720
Pothole,764,401,215,184,Pothole 235.jpg,1400,734
Pothole,535,290,105,89,Pothole 235.jpg,1400,734
Pothole,987,434,95,85,Pothole 235.jpg,1400,734
Pothole,135,588,270,207,Pothole 236.jpg,2400,1800
Pothole,846,870,1554,377,Pothole 236.jpg,2400,1800
Pothole,493,513,354,171,Pothole 236.jpg,2400,1800
Pothole,330,1562,1474,579,Pothole 237.jpg,1875,2500
Pothole,499,608,378,460,Pothole 238.jpg,1600,1157
Pothole,463,340,248,132,Pothole 239.jpg,1140,797
Pothole,369,848,610,620,Pothole 240.jpg,1200,1587
Pothole,285,438,659,294,Pothole 240.jpg,1200,1587
Pothole,510,1017,2690,663,Pothole 241.jpg,3200,1680
Pothole,251,350,703,265,Pothole 242.jpg,1200,801
Pothole,1430,866,736,425,Pothole 243.jpg,3200,1680
Pothole,1316,557,557,288,Pothole 244.jpg,2500,1763
Pothole,2048,564,452,428,Pothole 244.jpg,2500,1763
Pothole,218,128,917,360,Pothole 245.jpg,1272,636
Pothole,326,214,570,266,Pothole 246.jpg,1272,636
Pothole,1081,188,176,113,Pothole 246.jpg,1272,636
Pothole,357,314,549,304,Pothole 247.jpg,1280,720
Pothole,262,505,326,140,Pothole 248.jpg,1200,800
Pothole,761,495,255,76,Pothole 248.jpg,1200,800
Pothole,818,555,245,241,Pothole 249.jpg,1200,822
Pothole,667,368,283,163,Pothole 250.jpg,1200,837
Pothole,885,529,238,203,Pothole 251.jpg,1600,900
Pothole,824,336,217,165,Pothole 251.jpg,1600,900
Pothole,562,300,144,109,Pothole 251.jpg,1600,900
Pothole,901,777,845,322,Pothole 252.jpg,2121,1414
Pothole,701,530,679,219,Pothole 252.jpg,2121,1414
Pothole,409,242,171,94,Pothole 253.jpg,1148,1246
Pothole,332,355,382,171,Pothole 253.jpg,1148,1246
Pothole,39,581,1231,416,Pothole 254.jpg,1560,1040
Pothole,624,385,456,186,Pothole 254.jpg,1560,1040
Pothole,439,386,481,203,Pothole 255.jpg,1908,1146
Pothole,1078,352,408,129,Pothole 255.jpg,1908,1146
Pothole,640,575,481,183,Pothole 256.jpg,2000,1329
Pothole,1457,406,428,162,Pothole 256.jpg,2000,1329
Pothole,1245,651,628,540,Pothole 256.jpg,2000,1329
Pothole,100,634,1153,679,Pothole 257.jpg,1367,1545
Pothole,194,278,155,55,Pothole 258.jpg,1280,720
Pothole,564,136,236,194,Pothole 258.jpg,1280,720
Pothole,861,155,340,168,Pothole 258.jpg,1280,720
Pothole,740,100,172,159,Pothole 258.jpg,1280,720
Pothole,328,225,113,68,Pothole 258.jpg,1280,720
Pothole,461,178,111,81,Pothole 258.jpg,1280,720
Pothole,471,1092,287,156,Pothole 259.jpg,2400,1600
Pothole,662,996,304,177,Pothole 259.jpg,2400,1600
Pothole,1161,1032,315,103,Pothole 259.jpg,2400,1600
Pothole,1547,982,846,170,Pothole 259.jpg,2400,1600
Pothole,14,1777,340,374,Pothole 260.jpg,4608,3072
Pothole,360,1254,489,251,Pothole 260.jpg,4608,3072
Pothole,1366,1240,523,319,Pothole 260.jpg,4608,3072
Pothole,122,378,121,109,Pothole 261.jpg,1100,748
Pothole,330,383,239,122,Pothole 261.jpg,1100,748
Pothole,111,616,114,116,Pothole 261.jpg,1100,748
Pothole,135,480,268,94,Pothole 262.jpg,1300,1065
Pothole,798,421,402,262,Pothole 263.jpg,1200,720
Pothole,589,216,327,232,Pothole 263.jpg,1200,720
Pothole,504,594,800,302,Pothole 264.jpg,2048,1360
Pothole,696,651,182,115,Pothole 265.jpg,1300,866
Pothole,662,503,234,121,Pothole 265.jpg,1300,866
Pothole,752,407,159,79,Pothole 265.jpg,1300,866
Pothole,378,371,176,86,Pothole 265.jpg,1300,866
Pothole,284,722,255,144,Pothole 265.jpg,1300,866
Pothole,215,490,105,65,Pothole 265.jpg,1300,866
Pothole,247,378,102,59,Pothole 265.jpg,1300,866
Pothole,928,459,372,270,Pothole 265.jpg,1300,866
Pothole,796,332,182,59,Pothole 265.jpg,1300,866
Pothole,489,236,155,146,Pothole 265.jpg,1300,866
Pothole,240,3479,835,893,Pothole 267.jpg,3456,5184
Pothole,1591,3845,1602,1190,Pothole 267.jpg,3456,5184
Pothole,103,2483,1156,961,Pothole 267.jpg,3456,5184
Pothole,268,357,723,363,Pothole 268.jpg,1300,957
Pothole,1105,962,1295,342,Pothole 269.jpg,2400,1800
Pothole,151,600,306,171,Pothole 269.jpg,2400,1800
Pothole,244,568,230,150,Pothole 270.jpg,1300,866
Pothole,537,465,196,79,Pothole 270.jpg,1300,866
Pothole,510,561,324,209,Pothole 270.jpg,1300,866
Pothole,782,369,176,167,Pothole 270.jpg,1300,866
Pothole,982,421,186,169,Pothole 270.jpg,1300,866
Pothole,867,681,303,185,Pothole 270.jpg,1300,866
Pothole,247,375,190,96,Pothole 270.jpg,1300,866
Pothole,462,263,151,71,Pothole 270.jpg,1300,866
Pothole,727,235,573,127,Pothole 270.jpg,1300,866
Pothole,337,387,76,40,Pothole 273.jpg,1300,957
Pothole,536,247,336,148,Pothole 273.jpg,1300,957
Pothole,412,375,638,401,Pothole 274.jpg,1300,866
Pothole,853,183,88,48,Pothole 274.jpg,1300,866
Pothole,503,659,160,87,Pothole 275.jpg,1600,900
Pothole,423,360,413,248,Pothole 277.jpg,1200,900
Pothole,497,99,242,107,Pothole 277.jpg,1200,900
Pothole,481,530,435,270,Pothole 278.jpg,1300,866
Pothole,451,267,399,182,Pothole 278.jpg,1300,866
Pothole,775,162,79,59,Pothole 278.jpg,1300,866